index,label,blank_logit_both,blank_logit_img_only,blank_logit_txt_only,drop_logit_both,drop_logit_img_only,drop_logit_txt_only,blank_score_both,blank_score_img_only,blank_score_txt_only,drop_score_both,drop_score_img_only,drop_score_txt_only
10,1,7.414351,4.7380505,0.6856059,7.414351,4.2288504,0.107376635,0.9993979,0.9913203,0.6649887,0.9993979,0.98564005,0.5268184
15,1,8.325293,4.7346425,0.6860643,8.325293,4.4350615,0.06847839,0.9997577,0.9912909,0.6650908,0.9997577,0.9882846,0.5171129
29,1,8.398041,4.3503304,0.68668175,8.398041,3.5738957,0.23267648,0.99977475,0.98726183,0.66522837,0.99977475,0.9727188,0.5579081
62,1,6.1372943,5.3955774,0.7033585,6.1372943,4.3816915,0.13742188,0.99784386,0.9954839,0.66893196,0.99784386,0.9876502,0.5343015
66,0,-2.649733,3.4299371,0.71262914,-2.649733,3.0606697,-0.009005725,0.06600546,0.9686272,0.6709818,0.06600546,0.95524096,0.49774855
124,1,6.702221,4.415139,0.6941302,6.702221,3.940104,-0.15154731,0.9987733,0.98805165,0.6668851,0.9987733,0.9809248,0.46218553
152,0,-1.4137765,4.3604493,0.70802367,-1.4137765,3.6054718,0.14602774,0.19563909,0.98738843,0.66996425,0.19563909,0.97354436,0.5364422
161,0,10.071881,5.030299,0.6825308,10.071881,4.2407956,0.16150291,0.9999578,0.9935056,0.6643033,0.9999578,0.98580813,0.5402882
191,1,7.778105,3.9549267,0.5787411,7.778105,3.584927,0.19465071,0.9995814,0.98120016,0.6407777,0.9995814,0.97301,0.54850966
222,0,-10.1642685,3.8740554,0.6429074,-10.1642685,2.9187112,-0.04086691,3.8520997e-05,0.97964877,0.6554104,3.8520997e-05,0.94876367,0.4897847
261,0,-9.648474,3.7026012,0.5377759,-9.648474,2.0685086,0.05880165,6.451981e-05,0.97593415,0.63129485,6.451981e-05,0.8878045,0.5146962
292,0,9.9435425,5.2654443,0.6218752,9.9435425,4.016165,0.02530481,0.99995196,0.99485946,0.65064496,0.99995196,0.9822971,0.50632584
308,1,9.877498,4.673084,0.53830093,9.877498,3.766262,-0.0891331,0.99994874,0.9907431,0.63141704,0.99994874,0.97738487,0.47773153
333,1,6.1340957,5.0258455,0.59816587,6.1340957,3.9707987,0.11407916,0.997837,0.9934768,0.64523655,0.997837,0.98149073,0.5284889
334,1,6.8907385,4.3954525,0.70514035,6.8907385,3.4166152,0.22138886,0.9989838,0.987817,0.6693264,0.9989838,0.9682198,0.55512226
346,1,10.590679,5.1350546,0.5965234,10.590679,4.7492995,-0.23577546,0.99997485,0.9941478,0.6448605,0.99997485,0.9914165,0.44132766
376,1,7.1349177,4.7514653,0.7520244,7.1349177,4.0605116,0.06733924,0.99920386,0.991435,0.67961967,0.99920386,0.983052,0.5168284
389,1,4.20607,3.0360591,0.5537931,4.20607,2.25557,-0.0067916214,0.985314,0.9541768,0.63501513,0.985314,0.9051299,0.4983021
407,0,2.739873,4.08708,0.6220435,2.739873,3.1189976,0.030803114,0.93933886,0.98348904,0.65068316,0.93933886,0.95766956,0.50770015
416,1,8.349836,4.6745863,0.6770029,8.349836,3.6518624,-0.018953636,0.99976367,0.9907568,0.6630694,0.99976367,0.9747132,0.4952617
430,1,9.098682,4.7881975,0.5604174,9.098682,3.9721084,0.1116035,0.9998882,0.9917413,0.6365491,0.9998882,0.9815145,0.5278719
451,0,-8.78196,3.9538977,0.6673456,-8.78196,3.1582248,0.05852873,0.0001534535,0.98118114,0.6609085,0.0001534535,0.9592316,0.514628
483,0,-0.4278738,1.5363363,0.59539926,-0.4278738,0.24850005,0.19368926,0.3946342,0.82293147,0.644603,0.3946342,0.5618073,0.54827154
517,0,-9.916983,3.19484,0.5842779,-9.916983,2.4991188,0.13343255,4.9327347e-05,0.96063966,0.64205116,4.9327347e-05,0.92408,0.53330874
520,0,-10.402348,3.579646,0.6270975,-10.402348,2.3913515,0.0966617,3.0360203e-05,0.97287095,0.65183103,3.0360203e-05,0.9161655,0.5241466
535,1,10.0437355,5.2903886,0.58529663,10.0437355,4.2612953,0.11670624,0.9999565,0.99498546,0.6422853,0.9999565,0.98609215,0.5291435
581,1,7.040292,4.986041,0.6550002,7.040292,4.026358,-0.124177,0.99912494,0.99321365,0.65813637,0.99912494,0.9824735,0.4689956
583,0,9.040833,4.1903133,0.7518867,9.040833,3.4551144,-0.058033794,0.9998815,0.98508435,0.6795896,0.9998815,0.9693833,0.48549563
596,0,-4.2866654,3.632495,0.8182235,-4.2866654,3.0582252,0.5269363,0.013564184,0.9742314,0.6938591,0.013564184,0.9551363,0.6287683
608,0,7.944936,4.014535,0.6658439,7.944936,3.0913494,-0.24877667,0.9996457,0.9822687,0.66057193,0.9996457,0.95653456,0.43812466
610,1,7.7048798,4.8158503,0.7099011,7.7048798,3.8911464,0.030953959,0.99954957,0.9919647,0.67037934,0.99954957,0.97998685,0.5077379
612,0,-0.699376,2.1305754,0.7277366,-0.699376,1.6769555,0.1634719,0.33195058,0.8938396,0.67430836,0.33195058,0.842501,0.54077715
630,0,5.046057,4.8022943,0.64425296,5.046057,3.9462562,0.044040576,0.99360645,0.991856,0.6557142,0.99360645,0.9810395,0.5110084
647,1,5.288373,4.7238274,0.63489884,5.288373,3.8882098,-0.010398954,0.99497545,0.9911971,0.65359944,0.99497545,0.97992915,0.49740028
672,0,-6.379873,1.9347677,0.61386,-6.379873,1.0614994,0.0053668767,0.0016924693,0.8737762,0.6488208,0.0016924693,0.74297696,0.5013417
686,1,8.633828,5.2961087,0.6986103,8.633828,4.0531383,0.1677865,0.9998221,0.9950139,0.66787964,0.9998221,0.98292863,0.5418485
702,1,5.703268,5.206806,0.69219273,5.703268,4.261036,0.16840562,0.9966761,0.99455076,0.66645455,0.9966761,0.9860886,0.5420022
725,0,-11.477074,1.1392621,0.6041814,-11.477074,1.1566362,0.06991789,1.03649145e-05,0.7575441,0.64661235,1.03649145e-05,0.76072097,0.5174724
746,0,-2.1965678,3.0166006,0.60206604,-2.1965678,2.1897044,-0.028666444,0.10005912,0.95331854,0.64612883,0.10005912,0.8993212,0.49283385
763,0,-1.1844838,3.8199303,0.60543585,-1.1844838,3.4515343,0.14208099,0.23424694,0.9785412,0.646899,0.23424694,0.9692769,0.5354606
777,0,-8.195712,1.7172186,0.7514812,-8.195712,1.2908546,0.3101889,0.00027575772,0.8477702,0.67950135,0.00027575772,0.7842918,0.57693136
828,1,9.388115,4.754521,0.6153969,9.388115,4.0366535,-0.022371888,0.9999163,0.9914609,0.64917094,0.9999163,0.9826499,0.49440727
839,0,5.9099526,4.820532,0.621923,5.9099526,3.831347,0.062078394,0.99729496,0.992002,0.65065575,0.99729496,0.97877973,0.5155146
850,0,-4.0161686,4.956874,0.5860007,-4.0161686,3.666767,0.31538206,0.017702842,0.9930143,0.642447,0.017702842,0.97507805,0.57819843
878,0,2.7331002,3.7937064,0.7411928,2.7331002,2.8679671,0.14928952,0.93895173,0.97798365,0.67725664,0.93895173,0.94624,0.5372532
915,1,8.611633,4.7231293,0.6749065,8.611633,4.085767,0.2782427,0.999818,0.99119097,0.66260093,0.999818,0.98346764,0.56911534
948,0,-4.036623,2.7726045,0.6961796,-4.036623,1.7364292,0.26615292,0.01735064,0.9411773,0.6673402,0.01735064,0.8502329,0.5661482
964,0,10.360774,5.1929345,0.57530975,10.360774,4.384783,0.18542677,0.9999684,0.99447507,0.6399875,0.9999684,0.9876879,0.54622436
970,1,10.866205,5.5455427,0.7659,10.866205,4.424699,0.037302233,0.9999809,0.9961104,0.68263334,0.9999809,0.98816395,0.50932443
980,0,-0.17660066,2.432521,0.66904247,-0.17660066,2.0501304,0.12495388,0.4559642,0.9192738,0.66128874,0.4559642,0.88596076,0.5311979
982,0,10.609616,5.389221,0.550349,10.609616,4.448988,0.06839436,0.9999753,0.99545527,0.63421655,0.9999753,0.9884447,0.51709193
986,1,4.9136586,5.317896,0.62163496,4.9136586,4.016534,0.054028526,0.992708,0.9951208,0.6505903,0.992708,0.98230356,0.51350385
989,0,7.3687963,4.8229113,0.7068749,7.3687963,4.003051,0.13447519,0.9993698,0.9920209,0.6697103,0.9993698,0.9820676,0.5335682
1009,0,-11.127468,0.7348814,0.61451405,-11.127468,0.22123265,-0.08661048,1.4702651e-05,0.67587554,0.6489698,1.4702651e-05,0.5550837,0.47836092
1073,1,9.074414,4.7788935,0.5763424,9.074414,4.191957,-0.06441654,0.99988544,0.9916647,0.64022535,0.99988544,0.98510844,0.4839014
1084,0,-8.450301,0.7042227,0.6044507,-8.450301,0.42019606,-0.00991267,0.00021379029,0.66912335,0.6466739,0.00021379029,0.60353017,0.49752182
1101,0,9.218643,4.433592,0.6827506,9.218643,3.8352454,0.054682672,0.9999008,0.9882675,0.6643523,0.9999008,0.97886044,0.5136673
1120,1,10.768132,5.614892,0.698854,10.768132,5.2683806,-0.09325615,0.9999789,0.9963701,0.66793364,0.9999789,0.9948744,0.47670287
1143,0,-1.6583345,3.9776852,0.56441855,-1.6583345,3.2226052,-0.06267896,0.15998569,0.98161536,0.63747424,0.15998569,0.9616762,0.48433542
1194,1,10.146248,5.942107,0.5238559,10.146248,5.19643,-0.03732893,0.9999608,0.9973803,0.628049,0.9999608,0.99449414,0.49066883
1203,0,-4.5196233,0.83992416,0.67383647,-4.5196233,0.3331401,0.093168035,0.010775745,0.69844925,0.6623617,0.010775745,0.5825232,0.5232752
1211,0,-9.210245,3.370028,0.5750133,-9.210245,2.8333392,-0.045550466,9.9999525e-05,0.9667546,0.63991916,9.9999525e-05,0.9444511,0.48861432
1213,1,0.9240743,5.1383986,0.63833815,0.9240743,4.830251,-0.064115375,0.7158716,0.9941671,0.6543777,0.7158716,0.9920787,0.48397663
1233,1,10.376261,5.601901,0.6393073,10.376261,4.7130804,0.0031444207,0.9999689,0.99632275,0.65459687,0.9999689,0.9911028,0.5007861
1255,0,-6.3976336,4.3405952,0.5745792,-6.3976336,3.4040833,0.076237425,0.0016627247,0.9871388,0.6398191,0.0016627247,0.96783197,0.5190501
1287,0,-5.075882,2.270196,0.54690915,-5.075882,1.4458764,-0.08618164,0.0062068105,0.9063784,0.6334182,0.0062068105,0.809363,0.47846794
1332,0,-10.2621155,1.5205175,0.6215233,-10.2621155,1.0917059,0.12756023,3.493049e-05,0.8206147,0.6505649,3.493049e-05,0.7487028,0.5318469
1333,0,-8.07645,3.9103796,0.71933067,-8.07645,2.8348742,0.056394234,0.00031067565,0.98036057,0.6724596,0.00031067565,0.9445315,0.5140948
1354,1,-10.236027,3.064515,0.6266295,-10.236027,2.3485665,0.047892824,3.585374e-05,0.955405,0.6517248,3.585374e-05,0.9128202,0.51197094
1359,1,6.1247325,4.983442,0.6653973,6.1247325,4.5124164,0.014799923,0.9978167,0.9931961,0.66047174,0.9978167,0.9891472,0.5036999
1386,0,-5.371068,3.7718492,0.53087205,-5.371068,3.119897,0.033057436,0.0046276487,0.9775081,0.6296865,0.0046276487,0.9577061,0.5082636
1433,1,8.552942,4.660883,0.8513796,8.552942,4.1035576,0.023678064,0.99980706,0.99063057,0.7008565,0.99980706,0.98375446,0.5059192
1475,1,8.979812,4.5112333,0.5187048,8.979812,3.883143,-0.058006927,0.9998741,0.98913443,0.6268448,0.9998741,0.97982925,0.4855023
1477,0,-11.284536,2.0271382,0.6001943,-11.284536,0.8621033,0.046818465,1.2565584e-05,0.88361704,0.64570075,1.2565584e-05,0.7030999,0.5117025
1505,1,2.9312449,2.103545,0.7350072,2.9312449,1.4789119,-0.0775817,0.9493695,0.8912473,0.67590314,0.9493695,0.8144082,0.48061433
1532,0,0.751271,4.7667565,0.6536833,0.751271,4.002801,0.22605862,0.6794556,0.9915638,0.65784,0.6794556,0.9820632,0.5562752
1609,1,10.426715,5.895238,0.675642,10.426715,4.818524,0.009604253,0.9999703,0.997255,0.6627654,0.9999703,0.99198604,0.50240105
1632,1,5.9345756,4.9815536,0.6798911,5.9345756,4.19658,-0.110698335,0.99736065,0.99318343,0.6637144,0.99736065,0.9851761,0.47235367
1633,1,11.725143,6.5993824,0.73708475,11.725143,5.2286196,-0.06585419,0.9999919,0.9986406,0.676358,0.9999919,0.99466765,0.4835424
1664,0,-6.5642605,3.945714,0.70679975,-6.5642605,3.3532207,0.36150447,0.0014078813,0.98102945,0.66969365,0.0014078813,0.96621007,0.5894046
1671,1,9.332962,5.076558,0.6323103,9.332962,4.794214,0.027280256,0.99991155,0.99379736,0.6530131,0.99991155,0.9917904,0.50681967
1682,0,9.065945,4.693449,0.7566714,9.065945,4.0261583,0.28234863,0.9998845,0.990928,0.6806306,0.9998845,0.98247004,0.57012194
1707,1,9.422409,5.1649837,0.69398034,9.422409,4.040921,0.12661123,0.99991906,0.9943193,0.66685176,0.99991906,0.9827225,0.5316106
1708,1,-6.9037457,3.2285461,0.68891704,-6.9037457,2.5174375,0.08141428,0.0010030107,0.9618945,0.665726,0.0010030107,0.92535526,0.5203423
1710,1,-7.838359,4.168506,0.637074,-7.838359,3.180349,-0.07206492,0.0003941602,0.98476046,0.6540917,0.0003941602,0.9600881,0.48199156
1740,1,11.778471,6.0191164,0.5986004,11.778471,5.280652,0.101657405,0.9999924,0.99757403,0.64533603,0.9999924,0.9949366,0.52539253
1750,1,2.1901872,4.734547,0.6828513,2.1901872,4.1005087,0.06657329,0.8993648,0.9912901,0.66437477,0.8993648,0.98370564,0.5166372
1757,0,6.5048094,4.815013,0.7550564,6.5048094,4.008048,0.07706174,0.99850607,0.99195814,0.6802795,0.99850607,0.9821554,0.5192559
1771,0,9.753778,5.1150312,0.6295555,9.753778,4.757761,0.09495955,0.99994195,0.9940301,0.6523887,0.99994195,0.9914882,0.52372205
1790,1,10.571858,5.136383,0.5950645,10.571858,4.3751783,-0.05730833,0.99997437,0.9941554,0.6445263,0.99997437,0.9875706,0.48567683
1838,0,-9.469277,4.0805607,0.84433615,-9.469277,3.2341316,0.09943866,7.718121e-05,0.98338276,0.69937766,7.718121e-05,0.9620987,0.5248392
1858,1,10.115452,5.34772,0.59440625,10.115452,4.4917736,0.12463413,0.9999596,0.9952636,0.6443755,0.9999596,0.9889233,0.5311183
1942,1,9.820579,5.467305,0.6788937,9.820579,4.357152,0.040023983,0.99994564,0.99579513,0.6634917,0.99994564,0.98734725,0.5100047
1948,0,6.469213,3.8489578,0.6653569,6.469213,3.0119815,0.14571312,0.99845195,0.9791423,0.6604627,0.99845195,0.9531125,0.53636396
1960,0,8.606185,4.8893094,0.60480285,8.606185,4.2448587,0.36950916,0.9998171,0.9925296,0.6467543,0.9998171,0.9858649,0.59134036
2002,0,-8.1077,0.7927349,0.7019825,-8.1077,0.38872927,0.050819024,0.00030112005,0.68841827,0.6686272,0.00030112005,0.59597677,0.51270205
2012,0,-6.819118,4.174276,0.6385506,-6.819118,3.170885,0.021778218,0.0010914915,0.98484683,0.6544257,0.0010914915,0.95972383,0.50544435
2026,0,8.889164,5.3001575,0.63471353,8.889164,4.0776305,0.021753564,0.9998621,0.995034,0.6535575,0.9998621,0.9833348,0.5054382
2027,1,9.466947,4.961497,0.62936175,9.466947,3.8935828,0.07004242,0.99992263,0.9930462,0.65234476,0.99992263,0.9800345,0.51750344
2089,0,0.24918275,2.7488554,0.63099104,0.24918275,2.4076953,-0.13079432,0.5619753,0.93984866,0.65271413,0.5619753,0.9174122,0.46734795
2100,1,0.86979795,3.9265747,0.8167767,0.86979795,2.82688,0.516599,0.7047037,0.98067,0.6935517,0.7047037,0.94411117,0.6263522
2178,1,4.555893,3.1784077,0.6218774,4.555893,3.022256,-0.04920955,0.9896041,0.96001357,0.65064543,0.9896041,0.9535695,0.48770013
2198,0,11.381975,6.0502133,0.68002963,11.381975,5.023381,0.05760435,0.99998856,0.9976482,0.6637453,0.99998856,0.9934608,0.5143971
2207,0,9.551949,5.1254044,0.60040116,9.551949,3.8550036,-0.07073814,0.99992895,0.99409133,0.6457481,0.99992895,0.9792656,0.48232284
2233,0,7.2062926,5.214922,0.5817761,7.2062926,4.5369253,-0.0004194677,0.9992586,0.9945945,0.641476,0.9992586,0.9894071,0.49989513
2244,1,-6.1699877,4.3395295,0.56657076,-6.1699877,3.6180377,0.0463873,0.0020868976,0.9871252,0.6379715,0.0020868976,0.973866,0.5115948
2292,1,10.184976,5.3821836,0.55004174,10.184976,4.567542,0.057419732,0.9999622,0.99542326,0.63414526,0.9999622,0.9897232,0.514351
2294,0,-10.884044,1.993513,0.7365875,-10.884044,1.2745179,0.054003462,1.8754768e-05,0.8801143,0.6762492,1.8754768e-05,0.7815152,0.5134976
2310,1,-8.406518,3.7120218,0.7078458,-8.406518,2.7849016,0.09092249,0.0002233565,0.9761544,0.66992503,0.0002233565,0.9418545,0.522715
2319,1,10.573442,5.326726,0.5831259,10.573442,4.938303,-0.09981636,0.99997437,0.99516356,0.64178634,0.99997437,0.9928843,0.4750666
2321,1,10.2686,4.859945,0.74238706,10.2686,4.170959,-0.18338385,0.9999653,0.99230874,0.67751765,0.9999653,0.9847972,0.4542821
2326,0,-2.5288904,1.2109318,0.6636724,-2.5288904,1.3154042,-0.022226825,0.07385751,0.7704638,0.66008484,0.07385751,0.788416,0.4944435
2356,1,-7.423505,3.4310467,0.59962326,-7.423505,2.7371104,-0.036909997,0.0005966966,0.9686609,0.64557016,0.0005966966,0.9391812,0.49077356
2357,1,11.146199,5.458637,0.58740246,11.146199,4.7757215,0.019794263,0.9999856,0.9957587,0.6427689,0.9999856,0.9916385,0.50494844
2390,1,11.353699,6.349104,0.5935424,11.353699,5.380363,0.009277567,0.9999883,0.9982547,0.64417756,0.9999883,0.995415,0.5023194
2396,0,-0.34949884,4.7881317,0.624489,-0.34949884,4.071971,-0.022887722,0.41350397,0.9917408,0.6512388,0.41350397,0.9832419,0.4942783
2404,1,11.498367,5.7281065,0.65377605,11.498367,4.774893,-0.053815633,0.99998987,0.9967573,0.6578609,0.99998987,0.9916317,0.48654935
2417,1,10.850784,5.6609178,0.65593386,10.850784,4.768715,-0.024910673,0.99998057,0.9965327,0.6583464,0.99998057,0.9915802,0.4937726
2420,0,-10.326939,4.073821,0.5431664,-10.326939,2.8443174,-0.038473383,3.2738088e-05,0.9832723,0.6325487,3.2738088e-05,0.94502413,0.49038282
2434,0,0.3496343,4.0420485,0.61875,0.3496343,3.2736845,-0.033527084,0.5865289,0.98274165,0.6499342,0.5865289,0.963515,0.49161905
2492,0,-10.4319935,1.8552145,0.5748798,-10.4319935,2.1513526,0.1348902,2.9473384e-05,0.86473817,0.6398884,2.9473384e-05,0.8957951,0.5336715
2528,1,2.3630393,2.215394,0.68282086,2.3630393,1.9690037,0.027421214,0.91396505,0.9016234,0.664368,0.91396505,0.87750405,0.50685483
2536,1,9.441873,5.500266,0.77345943,9.441873,4.2934055,0.022766523,0.9999207,0.99593097,0.6842688,0.9999207,0.9865258,0.5056914
2540,0,-9.244371,3.858841,0.63818336,-9.244371,3.137854,-0.1271852,9.66448e-05,0.9793433,0.6543427,9.66448e-05,0.9584275,0.4682465
2542,1,6.97758,4.768346,0.6337071,6.97758,4.4744515,0.05110769,0.9990683,0.99157715,0.65332955,0.9990683,0.98873186,0.51277417
2566,0,-5.608394,4.05643,0.6291392,-5.608394,2.7420309,-0.05592981,0.0036535559,0.9829838,0.6522942,0.0036535559,0.93946177,0.48602125
2582,1,11.5932865,5.809644,0.74056345,11.5932865,5.352439,-0.10844241,0.9999908,0.99701047,0.6771191,0.9999908,0.9952858,0.47291598
2598,1,10.131662,6.514648,0.7232777,10.131662,5.112979,0.082463324,0.9999602,0.9985207,0.6733284,0.9999602,0.99401784,0.52060413
2631,1,8.656913,5.2279153,0.725309,8.656913,4.563487,0.06257923,0.99982613,0.99466395,0.673775,0.99982613,0.9896819,0.51563966
2641,0,10.456081,5.1592345,0.644696,10.456081,4.3392377,0.10721584,0.9999713,0.9942867,0.65581423,0.9999713,0.9871215,0.52677834
2648,0,-11.115781,1.4440563,0.5936588,-11.115781,1.0245258,-0.08267637,1.4875489e-05,0.809082,0.6442042,1.4875489e-05,0.7358532,0.47934267
2649,1,8.577054,4.4968195,0.65796393,8.577054,3.90064,-0.2026739,0.9998117,0.98897845,0.65880287,0.9998117,0.9801721,0.44950426
2690,0,-5.7202034,4.998419,0.63782877,-5.7202034,4.035578,0.05833499,0.0032683269,0.9932967,0.6542625,0.0032683269,0.9826315,0.5145796
2721,0,-10.432989,2.0308073,0.6018868,-10.432989,1.5528979,-0.096980646,2.9444058e-05,0.8839939,0.6460878,2.9444058e-05,0.82533187,0.4757738
2772,0,-8.888701,3.7815971,0.6226932,-8.888701,2.8303273,-0.09995591,0.00013791965,0.9777214,0.6508308,0.00013791965,0.9442928,0.47503182
2792,0,-10.470009,3.432866,0.5948018,-10.470009,2.336376,-0.0072042495,2.8374001e-05,0.968716,0.6444661,2.8374001e-05,0.91184527,0.49819893
2798,0,5.750596,2.4371061,0.6626356,5.750596,2.205504,0.15123221,0.9968292,0.9196134,0.65985215,0.9968292,0.9007427,0.5377362
2804,0,4.3822126,6.4087057,0.7646626,4.3822126,5.3916197,0.32262376,0.9876566,0.99835557,0.6823652,0.9876566,0.995466,0.57996356
2826,1,10.825081,5.1017876,0.5832984,10.825081,4.5716195,0.049462095,0.9999801,0.99395096,0.641826,0.9999801,0.9897647,0.512363
2852,0,8.152655,3.9823775,0.66661346,8.152655,3.4666514,-0.017394483,0.99971205,0.9816999,0.6607444,0.99971205,0.9697239,0.49565148
2891,1,7.118242,3.6843407,0.65745664,7.118242,2.923446,-0.1342036,0.9991905,0.97550154,0.65868884,0.9991905,0.9489934,0.46649936
2899,1,9.79734,4.4255385,0.68127316,9.79734,3.4395385,-0.014537901,0.99994445,0.9881738,0.6640228,0.99994445,0.96891767,0.49636558
2911,1,8.773399,4.674836,0.69720197,8.773399,3.7664022,0.19231346,0.99984515,0.99075913,0.6675671,0.99984515,0.97738796,0.5479307
2918,1,-1.592437,3.290299,0.5732821,-1.592437,2.2325006,0.05771056,0.16904129,0.96409446,0.63952017,0.16904129,0.90313035,0.5144236
2948,1,-6.2330627,3.1324942,0.61192393,-6.2330627,2.5452032,-0.069360584,0.0019595816,0.9582134,0.64837956,0.0019595816,0.92725056,0.4826668
2984,0,7.0901947,4.524844,0.7605512,7.0901947,3.4750867,-0.017633997,0.99916744,0.9892798,0.6814734,0.99916744,0.9699706,0.49559164
2997,1,-0.23748906,3.574651,0.55153275,-0.23748906,2.8739033,-0.027917817,0.4409052,0.97273886,0.6344911,0.4409052,0.94654125,0.49302098
3008,0,-7.7911677,4.1145062,0.8075529,-7.7911677,3.2539916,0.17086712,0.0004131991,0.98392844,0.6915878,0.0004131991,0.9628163,0.54261315
3056,0,11.160168,6.0396442,0.5947706,11.160168,5.140085,0.13933668,0.9999858,0.99762326,0.64445895,0.9999858,0.99417686,0.53477794
3057,1,7.4966455,5.3169456,0.6975908,7.4966455,4.530281,0.3507033,0.9994454,0.99511623,0.6676534,0.9994454,0.9893373,0.5867881
3062,1,10.724767,5.186469,0.51238203,10.724767,4.217599,-0.0034725666,0.99997807,0.99443936,0.6253647,0.99997807,0.9854799,0.4991319
3075,1,9.875977,5.183113,0.58246106,9.875977,4.866867,-0.10904218,0.9999486,0.9944208,0.6416335,0.9999486,0.9923613,0.47276646
3084,0,-0.06533188,4.414008,0.5758474,-0.06533188,3.62413,0.004933819,0.48367286,0.9880383,0.6401113,0.48367286,0.97402066,0.50123346
3108,0,5.1996784,4.800356,0.62828034,5.1996784,4.110907,0.07814811,0.99451196,0.99184024,0.65209943,0.99451196,0.98387146,0.51952714
3137,0,-8.488702,2.4978728,0.58935094,-8.488702,2.0053854,0.049592018,0.00020573787,0.9239926,0.6432162,0.00020573787,0.88136137,0.51239544
3154,1,4.2578897,5.4990826,0.70304805,4.2578897,4.1274557,0.23651706,0.9860453,0.99592614,0.6688632,0.9860453,0.984132,0.5588552
3180,0,10.116908,5.5119,0.62381446,10.116908,4.974076,-0.048914596,0.9999596,0.9959778,0.6510856,0.9999596,0.99313265,0.48777375
3241,0,-1.0427036,4.945569,0.6209551,-1.0427036,4.042641,0.027712852,0.26062867,0.99293536,0.65043575,0.26062867,0.98275167,0.5069278
3242,0,-11.097592,0.95583946,0.61673146,-11.097592,0.5904248,-0.0022465736,1.5148523e-05,0.722288,0.6494748,1.5148523e-05,0.6434626,0.49943832
3247,0,9.309242,4.713901,0.5880976,9.309242,3.798429,0.0199427,0.9999094,0.9911101,0.64292854,0.9999094,0.97808504,0.5049855
3259,0,8.841584,4.3711615,0.63736415,8.841584,3.5923853,0.085903764,0.9998554,0.9875212,0.6541574,0.9998554,0.97320515,0.52146274
3269,1,5.2024717,3.3845036,0.74039054,5.2024717,2.9040275,-0.036116824,0.99452716,0.96721673,0.6770812,0.99452716,0.9480452,0.49097177
3303,1,3.5983796,5.165509,0.554705,3.5983796,4.4305854,0.27611595,0.973361,0.9943223,0.6352265,0.973361,0.98823255,0.56859374
3305,1,9.917805,5.2870483,0.5865097,9.917805,4.3658285,0.12587196,0.99995077,0.99496883,0.64256394,0.99995077,0.98745525,0.53142655
3341,0,9.128421,4.401802,0.6833948,9.128421,3.3928528,0.161978,0.9998915,0.98789316,0.664496,0.9998915,0.9674805,0.54040617
3350,0,-10.8476095,1.2568727,0.59802157,-10.8476095,0.9603956,-0.022488393,1.9450672e-05,0.77848727,0.64520353,1.9450672e-05,0.723201,0.49437812
3364,0,-8.339295,4.3931527,0.5502992,-8.339295,3.4024389,0.03632003,0.00023888354,0.9877893,0.634205,0.00023888354,0.9677807,0.50907904
3368,1,-2.6760771,3.9155562,0.65089417,-2.6760771,3.0225773,-0.08829981,0.06439983,0.98046,0.6572119,0.06439983,0.9535837,0.47793937
3378,1,9.172131,5.242253,0.61234903,9.172131,4.6399827,-0.003924504,0.99989605,0.9947395,0.6484764,0.99989605,0.9904345,0.49901888
3404,1,8.740235,4.4887686,0.6255927,8.740235,3.801352,-0.022213712,0.99984,0.9888903,0.65148944,0.99984,0.9781477,0.49444678
3435,0,-5.988626,2.469146,0.7437855,-5.988626,1.6191721,0.05899646,0.0025008367,0.9219504,0.67782307,0.0025008367,0.83468086,0.5147448
3440,1,3.4027426,5.914586,0.64419514,3.4027426,4.9355297,-0.0038274452,0.96779007,0.99730754,0.65570116,0.96779007,0.9928646,0.49904317
3472,1,4.527027,4.310214,0.62986386,4.527027,3.3546126,0.015028402,0.98930293,0.98674726,0.6524586,0.98930293,0.9662556,0.50375706
3493,0,-2.4296205,3.7583182,0.64666307,-2.4296205,2.9875383,0.03280413,0.08094169,0.9772086,0.6562581,0.08094169,0.952008,0.5082003
3515,1,-2.2993267,4.5894623,0.64709455,-2.2993267,3.8396883,0.14262043,0.091178745,0.98994386,0.6563554,0.091178745,0.97895217,0.5355948
3526,1,0.4910012,4.725179,0.682271,0.4910012,4.08292,-0.037662454,0.62034225,0.9912088,0.66424537,0.62034225,0.98342127,0.4905855
3595,0,1.0353701,4.508111,0.71974003,1.0353701,3.589036,-0.028516307,0.7379557,0.9891009,0.6725497,0.7379557,0.97311765,0.4928714
3660,1,11.530213,6.321528,0.6619972,11.530213,4.886003,0.007090077,0.9999902,0.998206,0.65970886,0.9999902,0.9925051,0.5017725
3691,1,10.198963,4.6964154,0.57813156,10.198963,3.9817147,0.022874892,0.9999628,0.9909546,0.64063734,0.9999628,0.98168796,0.50571847
3704,0,-10.48156,2.717718,0.51405716,-10.48156,2.0172176,0.047563627,2.8048153e-05,0.9380641,0.6257571,2.8048153e-05,0.88259304,0.5118886
3711,0,6.0578384,3.8391633,0.61692536,6.0578384,3.048749,0.2757697,0.997666,0.97894144,0.64951897,0.997666,0.9547285,0.5685088
3742,1,8.12511,5.222065,0.6006794,8.12511,4.702204,0.05183029,0.99970406,0.99463284,0.6458118,0.99970406,0.9910063,0.5129547
3752,0,-0.8748053,3.4814355,0.66315585,-0.8748053,2.5903568,0.29258037,0.2942554,0.9701549,0.659969,0.2942554,0.9302384,0.5726277
3763,1,7.5317225,3.1572156,0.6228746,7.5317225,2.5113254,0.048913643,0.99946445,0.9591921,0.65087205,0.99946445,0.924932,0.512226
3767,1,6.5364714,3.5022635,0.6838522,6.5364714,2.9596243,0.14625724,0.9985525,0.9707521,0.6645979,0.9985525,0.9507164,0.53649926
3784,0,-8.59875,3.133853,0.6548079,-8.59875,2.3320975,-0.23589586,0.00018430207,0.95826775,0.6580931,0.00018430207,0.91150063,0.441298
3796,1,2.5459597,5.5532,0.71784645,2.5459597,4.855755,0.13081528,0.92730165,0.99613994,0.6721327,0.92730165,0.9922767,0.53265727
3809,1,8.617674,4.2273083,0.6796035,8.617674,3.434797,-0.06458326,0.9998192,0.9856183,0.6636502,0.9998192,0.96877456,0.4838598
3846,1,8.734652,5.641274,0.65393776,8.734652,4.281354,0.0425359,0.99983907,0.99646413,0.6578973,0.99983907,0.9863645,0.51063234
3847,1,2.0852845,4.88334,0.6996993,2.0852845,3.9617083,0.08144131,0.8894647,0.9924852,0.6681211,0.8894647,0.98132485,0.5203491
3855,0,3.0879574,4.947772,0.59067297,3.0879574,3.8782668,0.05443783,0.9563932,0.9929509,0.6435195,0.9563932,0.97973263,0.5136061
3856,1,11.257933,6.028271,0.65774095,11.257933,5.4995933,0.07680924,0.9999871,0.9975961,0.6587528,0.9999871,0.9959282,0.5191929
3860,1,7.859447,4.2160444,0.7396897,7.859447,3.3673704,0.077853814,0.99961406,0.98545766,0.676928,0.99961406,0.966669,0.51945364
3886,0,-4.2989454,4.52034,0.58471704,-4.2989454,3.6637383,-0.12659906,0.013400853,0.9892319,0.6421521,0.013400853,0.97500426,0.46839243
3908,1,-5.649552,3.8606596,0.6539458,-5.649552,2.952545,0.13214228,0.003506753,0.97938,0.6578991,0.003506753,0.95038366,0.53298753
3916,0,9.597151,5.3600693,0.59967196,9.597151,4.5738015,-0.020719767,0.99993205,0.99532145,0.64558125,0.99993205,0.98978674,0.4948202
3954,0,-5.8779125,3.1608105,0.676988,-5.8779125,2.4927855,0.13463652,0.002792804,0.9593325,0.66306615,0.002792804,0.92363447,0.5336084
3957,0,-3.4548688,2.8110151,0.6863202,-3.4548688,2.287788,0.0693219,0.030623991,0.9432681,0.66514784,0.030623991,0.9078606,0.51732355
3991,1,9.049593,5.5935917,0.6450337,9.049593,4.3915324,0.07238163,0.9998826,0.99629223,0.65589046,0.9998826,0.98776966,0.5180875
4000,0,-2.3576298,3.365993,0.68975145,-2.3576298,2.776282,0.089346014,0.08646122,0.96662474,0.6659116,0.08646122,0.9413806,0.52232164
